Unique ID,Player,Overs,Mdns,Runs,Wkts,Econ,Inns,Opposition,Ground,Start Date
IND3,AR Patel,7.3,2,24,3,3.2,1,v Zimbabwe,Harare,18-Aug-22
IND3,AR Patel,5,0,22,2,4.4,2,v Bangladesh,Chattogram,10-Dec-22
IND3,AR Patel,6.2,1,22,2,3.47,2,v England,Ahmedabad,12-Feb-25
IND3,AR Patel,10,1,30,2,3,2,v Zimbabwe,Harare,22-Aug-22
IND3,AR Patel,10,0,33,2,3.3,1,v Sri Lanka,Colombo (RPS),02-Aug-24
IND3,AR Patel,9,1,43,2,4.77,1,v Bangladesh,Dubai (DICS),20-Feb-25
IND3,AR Patel,8,0,57,2,7.12,1,v Australia,Chennai,22-Mar-23
IND3,AR Patel,5,0,16,1,3.2,1,v Sri Lanka,Eden Gardens,12-Jan-23
IND3,AR Patel,7,1,20,1,2.85,1,v Zimbabwe,Harare,20-Aug-22
IND3,AR Patel,10,0,32,1,3.2,2,v New Zealand,Dubai (DICS),02-Mar-25
IND3,AR Patel,6,0,38,1,6.33,2,v West Indies,Port of Spain,27-Jul-22
IND3,AR Patel,9,0,38,1,4.22,1,v Sri Lanka,Colombo (RPS),04-Aug-24
IND3,AR Patel,7,0,38,1,5.42,1,v England,Nagpur,06-Feb-25
IND3,AR Patel,9,1,40,1,4.44,1,v West Indies,Port of Spain,24-Jul-22
IND3,AR Patel,10,1,41,1,4.1,1,v Sri Lanka,Colombo (RPS),07-Aug-24
IND3,AR Patel,8,1,43,1,5.37,1,v Australia,Dubai (DICS),04-Mar-25
IND3,AR Patel,9,0,47,1,5.22,1,v Bangladesh,Colombo (RPS),15-Sep-23
IND3,AR Patel,10,0,48,1,4.8,2,v South Africa,Paarl,21-Dec-23
IND3,AR Patel,10,0,49,1,4.9,1,v Pakistan,Dubai (DICS),23-Feb-25
IND3,AR Patel,2,1,4,0,2,2,v West Indies,Bridgetown,29-Jul-23
IND3,AR Patel,6,0,22,0,3.66,2,v South Africa,Gqeberha,19-Dec-23
IND3,AR Patel,3,0,25,0,8.33,2,v Australia,Visakhapatnam,19-Mar-23
IND3,AR Patel,5,0,29,0,5.8,2,v Sri Lanka,Colombo (RPS),12-Sep-23
IND3,AR Patel,8,0,29,0,3.62,1,v New Zealand,Dubai (DICS),09-Mar-25
IND3,AR Patel,6,0,32,0,5.33,1,v England,Cuttack,09-Feb-25
IND3,AR Patel,7,0,40,0,5.71,1,v Bangladesh,Mirpur,07-Dec-22
IND3,AR Patel,7,0,43,0,6.14,2,v West Indies,Port of Spain,22-Jul-22
IND3,AR Patel,10,0,58,0,5.8,2,v Sri Lanka,Guwahati,10-Jan-23
IND4,Arshdeep Singh,10,0,37,5,3.7,1,v South Africa,Johannesburg,17-Dec-23
IND4,Arshdeep Singh,9,1,30,4,3.33,2,v South Africa,Paarl,21-Dec-23
IND4,Arshdeep Singh,5,0,33,2,6.6,2,v England,Ahmedabad,12-Feb-25
IND4,Arshdeep Singh,8,0,47,2,5.87,1,v Sri Lanka,Colombo (RPS),02-Aug-24
IND4,Arshdeep Singh,8,0,28,1,3.5,2,v South Africa,Gqeberha,19-Dec-23
IND4,Arshdeep Singh,9,0,58,0,6.44,1,v Sri Lanka,Colombo (RPS),04-Aug-24
IND4,Arshdeep Singh,8.1,0,68,0,8.32,2,v New Zealand,Auckland,25-Nov-22
IND5,Avesh Khan,8,3,27,4,3.37,1,v South Africa,Johannesburg,17-Dec-23
IND5,Avesh Khan,9.3,1,66,3,6.94,2,v Zimbabwe,Harare,22-Aug-22
IND5,Avesh Khan,7.5,0,45,2,5.74,2,v South Africa,Paarl,21-Dec-23
IND5,Avesh Khan,5,1,8,0,1.6,1,v South Africa,Delhi,11-Oct-22
IND5,Avesh Khan,7,0,35,0,5,1,v South Africa,Ranchi,09-Oct-22
IND5,Avesh Khan,8,0,43,0,5.37,2,v South Africa,Gqeberha,19-Dec-23
IND5,Avesh Khan,8,0,51,0,6.37,1,v South Africa,Lucknow,06-Oct-22
IND5,Avesh Khan,6,0,54,0,9,1,v West Indies,Port of Spain,24-Jul-22
IND6,B Kumar,8,0,31,4,3.87,2,v West Indies,Port of Spain,11-Aug-19
IND6,B Kumar,10,0,45,4,4.5,1,v Australia,Adelaide,15-Jan-19
IND6,B Kumar,7,1,15,3,2.14,1,v Pakistan,Dubai (DICS),19-Sep-18
IND6,B Kumar,10,1,32,3,3.2,1,v Bangladesh,Dubai (DICS),21-Sep-18
IND6,B Kumar,10,0,42,3,4.2,2,v England,Pune,28-Mar-21
IND6,B Kumar,10,1,43,3,4.3,1,v New Zealand,Manchester,09-Jul-19
IND6,B Kumar,10,0,48,3,4.8,1,v Australia,Delhi,13-Mar-19
IND6,B Kumar,10,0,50,3,5,2,v Australia,The Oval,09-Jun-19
IND6,B Kumar,10,0,54,3,5.4,1,v Sri Lanka,Colombo (RPS),20-Jul-21
IND6,B Kumar,5,1,25,2,5,2,v New Zealand,Hamilton,31-Jan-19
IND6,B Kumar,8,1,28,2,3.5,1,v Australia,Melbourne,18-Jan-19
IND6,B Kumar,9,0,30,2,3.33,2,v England,Pune,23-Mar-21
IND6,B Kumar,7,1,42,2,6,2,v New Zealand,Mount Maunganui,26-Jan-19
IND6,B Kumar,10,0,44,2,4.4,1,v South Africa,Southampton,05-Jun-19
IND6,B Kumar,10,1,46,2,4.6,1,v New Zealand,Mount Maunganui,28-Jan-19
IND6,B Kumar,10,0,66,2,6.6,1,v Australia,Sydney,12-Jan-19
IND6,B Kumar,4,1,11,1,2.75,1,v West Indies,Thiruvananthapuram,01-Nov-18
IND6,B Kumar,5,1,19,1,3.8,1,v South Africa,Centurion,04-Feb-18
IND6,B Kumar,5,1,30,1,6,2,v West Indies,Brabourne,29-Oct-18
IND6,B Kumar,7.1,0,38,1,5.3,2,v New Zealand,Wellington,03-Feb-19
IND6,B Kumar,9,0,51,1,5.66,2,v Bangladesh,Birmingham,02-Jul-19
IND6,B Kumar,10,0,63,1,6.3,2,v England,Pune,26-Mar-21
IND6,B Kumar,9,0,67,1,7.44,2,v Australia,Mohali,10-Mar-19
IND6,B Kumar,10,0,70,1,7,1,v West Indies,Pune,27-Oct-18
IND6,B Kumar,10,1,71,1,7.1,1,v South Africa,Durban,01-Feb-18
IND6,B Kumar,10,0,73,1,7.3,1,v Sri Lanka,Leeds,06-Jul-19
IND6,B Kumar,2.4,0,8,0,3,2,v Pakistan,Manchester,16-Jun-19
IND6,B Kumar,5,0,20,0,4,1,v New Zealand,Napier,23-Jan-19
IND6,B Kumar,4,0,27,0,6.75,2,v South Africa,Johannesburg,10-Feb-18
IND6,B Kumar,7,0,33,0,4.71,1,v Bangladesh,Dubai (DICS),28-Sep-18
IND6,B Kumar,7,0,41,0,5.85,2,v South Africa,Cape Town,07-Feb-18
IND6,B Kumar,7,0,43,0,6.14,2,v South Africa,Gqeberha,13-Feb-18
IND6,B Kumar,9,0,46,0,5.11,1,v Pakistan,Dubai (DICS),23-Sep-18
IND6,B Kumar,5,1,48,0,9.6,1,v West Indies,Port of Spain,14-Aug-19
IND6,B Kumar,7,0,49,0,7,2,v England,Leeds,17-Jul-18
IND6,B Kumar,9,0,50,0,5.55,2,v Hong Kong,Dubai (DICS),18-Sep-18
IND6,B Kumar,9,0,63,0,7,1,v Sri Lanka,Colombo (RPS),18-Jul-21
IND6,B Kumar,10,0,64,0,6.4,1,v South Africa,Paarl,19-Jan-22
IND6,B Kumar,8,0,67,0,8.37,2,v South Africa,Paarl,21-Jan-22
IND8,C Sakariya,8,0,34,2,4.25,2,v Sri Lanka,Colombo (RPS),23-Jul-21
IND9,CV Varun,10,0,42,5,4.2,2,v New Zealand,Dubai (DICS),02-Mar-25
IND9,CV Varun,10,0,45,2,4.5,1,v New Zealand,Dubai (DICS),09-Mar-25
IND9,CV Varun,10,0,49,2,4.9,1,v Australia,Dubai (DICS),04-Mar-25
IND9,CV Varun,10,0,54,1,5.4,1,v England,Cuttack,09-Feb-25
IND10,DJ Hooda,2,0,6,1,3,1,v Zimbabwe,Harare,20-Aug-22
IND10,DJ Hooda,4,0,24,1,6,2,v West Indies,Ahmedabad,09-Feb-22
IND10,DJ Hooda,9,0,42,1,4.66,1,v West Indies,Port of Spain,24-Jul-22
IND10,DJ Hooda,1,0,9,0,9,2,v Zimbabwe,Harare,22-Aug-22
IND10,DJ Hooda,4,1,16,0,4,2,v West Indies,Port of Spain,27-Jul-22
IND10,DJ Hooda,5,0,22,0,4.4,2,v West Indies,Port of Spain,22-Jul-22
IND11,DL Chahar,7,0,27,3,3.85,1,v Zimbabwe,Harare,18-Aug-22
IND11,DL Chahar,7,1,37,2,5.28,1,v Sri Lanka,Colombo (RPS),18-Jul-21
IND11,DL Chahar,8,1,41,2,5.12,2,v West Indies,Ahmedabad,11-Feb-22
IND11,DL Chahar,8,0,53,2,6.62,1,v Sri Lanka,Colombo (RPS),20-Jul-21
IND11,DL Chahar,8,0,53,2,6.62,1,v South Africa,Cape Town,23-Jan-22
IND11,DL Chahar,10,0,75,2,7.5,2,v Zimbabwe,Harare,22-Aug-22
IND11,DL Chahar,8,1,32,1,4,2,v Bangladesh,Mirpur,04-Dec-22
IND11,DL Chahar,4,0,37,1,9.25,1,v Afghanistan,Dubai (DICS),25-Sep-18
IND11,DL Chahar,10,1,48,1,4.8,2,v West Indies,Chennai,15-Dec-19
IND11,DL Chahar,3,0,12,0,4,1,v Bangladesh,Mirpur,07-Dec-22
IND11,DL Chahar,7,1,44,0,6.28,2,v West Indies,Visakhapatnam,18-Dec-19
IND12,Harshit Rana,7.4,0,31,3,4.04,1,v Bangladesh,Dubai (DICS),20-Feb-25
IND12,Harshit Rana,7,1,53,3,7.57,1,v England,Nagpur,06-Feb-25
IND12,Harshit Rana,5,1,31,2,6.2,2,v England,Ahmedabad,12-Feb-25
IND12,Harshit Rana,7.4,0,30,1,3.91,1,v Pakistan,Dubai (DICS),23-Feb-25
IND12,Harshit Rana,9,0,62,1,6.88,1,v England,Cuttack,09-Feb-25
IND13,HH Pandya,7,3,24,4,3.42,1,v England,Manchester,17-Jul-22
IND13,HH Pandya,2.2,0,3,3,1.28,1,v Sri Lanka,Colombo (RPS),17-Sep-23
IND13,HH Pandya,8,0,44,3,5.5,1,v Australia,Chennai,22-Mar-23
IND13,HH Pandya,10,0,60,3,6,2,v Bangladesh,Birmingham,02-Jul-19
IND13,HH Pandya,6,3,16,2,2.66,1,v New Zealand,Raipur,21-Jan-23
IND13,HH Pandya,6,0,28,2,4.66,1,v England,Lord's,14-Jul-22
IND13,HH Pandya,9,0,30,2,3.33,2,v South Africa,Gqeberha,13-Feb-18
IND13,HH Pandya,8,0,31,2,3.87,1,v Pakistan,Dubai (DICS),23-Feb-25
IND13,HH Pandya,6,0,34,2,5.66,1,v Pakistan,Ahmedabad,14-Oct-23
IND13,HH Pandya,5,0,38,2,7.6,2,v England,Ahmedabad,12-Feb-25
IND13,HH Pandya,7,0,43,2,6.14,1,v Afghanistan,Delhi,11-Oct-23
IND13,HH Pandya,8,0,44,2,5.5,2,v Pakistan,Manchester,16-Jun-19
IND13,HH Pandya,10,0,45,2,4.5,1,v New Zealand,Mount Maunganui,28-Jan-19
IND13,HH Pandya,8,1,50,2,6.25,2,v New Zealand,Wellington,03-Feb-19
IND13,HH Pandya,10,1,51,2,5.1,2,v Afghanistan,Southampton,22-Jun-19
IND13,HH Pandya,5,0,14,1,2.8,2,v Sri Lanka,Colombo (RPS),12-Sep-23
IND13,HH Pandya,3,0,17,1,5.66,1,v West Indies,Bridgetown,27-Jul-23
IND13,HH Pandya,5,0,17,1,3.4,2,v Pakistan,Colombo (RPS),10-Sep-23
IND13,HH Pandya,4,0,22,1,5.5,2,v New Zealand,Dubai (DICS),02-Mar-25
IND13,HH Pandya,4,0,24,1,6,1,v Australia,Sydney,29-Nov-20
IND13,HH Pandya,5,0,28,1,5.6,2,v West Indies,Manchester,27-Jun-19
IND13,HH Pandya,3,0,28,1,9.33,1,v Australia,Chennai,08-Oct-23
IND13,HH Pandya,5,0,29,1,5.8,1,v Australia,Wankhede,17-Mar-23
IND13,HH Pandya,6,0,33,1,5.5,2,v Sri Lanka,Guwahati,10-Jan-23
IND13,HH Pandya,5,0,34,1,6.8,1,v Sri Lanka,Colombo (RPS),18-Jul-21
IND13,HH Pandya,8,3,34,1,4.25,1,v Nepal,Pallekele,04-Sep-23
IND13,HH Pandya,5,0,37,1,7.4,2,v South Africa,Johannesburg,10-Feb-18
IND13,HH Pandya,6,0,37,1,6.16,2,v New Zealand,Indore,24-Jan-23
IND13,HH Pandya,10,0,39,1,3.9,1,v South Africa,Centurion,16-Feb-18
IND13,HH Pandya,5.3,0,40,1,7.27,1,v Australia,Dubai (DICS),04-Mar-25
IND13,HH Pandya,5,0,43,1,8.6,2,v Sri Lanka,Colombo (RPS),23-Jul-21
IND13,HH Pandya,10,0,50,1,5,1,v Sri Lanka,Leeds,06-Jul-19
IND13,HH Pandya,7,0,53,1,7.57,1,v England,Cuttack,09-Feb-25
IND13,HH Pandya,10,0,55,1,5.5,1,v New Zealand,Manchester,09-Jul-19
IND13,HH Pandya,10,0,70,1,7,1,v England,Lord's,14-Jul-18
IND13,HH Pandya,7,0,70,1,10,2,v New Zealand,Hyderabad,18-Jan-23
IND13,HH Pandya,0.3,0,8,0,16,1,v Bangladesh,Pune,19-Oct-23
IND13,HH Pandya,4,1,13,0,3.25,2,v West Indies,Tarouba,01-Aug-23
IND13,HH Pandya,3,0,15,0,5,2,v New Zealand,Hamilton,31-Jan-19
IND13,HH Pandya,1,0,18,0,18,2,v Australia,Visakhapatnam,19-Mar-23
IND13,HH Pandya,4,0,20,0,5,1,v Sri Lanka,Colombo (RPS),20-Jul-21
IND13,HH Pandya,4,0,20,0,5,1,v Bangladesh,Dubai (DICS),20-Feb-25
IND13,HH Pandya,4,0,22,0,5.5,1,v England,The Oval,12-Jul-22
IND13,HH Pandya,4.5,0,24,0,4.96,1,v Pakistan,Dubai (DICS),19-Sep-18
IND13,HH Pandya,5,0,26,0,5.2,1,v Sri Lanka,Eden Gardens,12-Jan-23
IND13,HH Pandya,3,0,30,0,10,1,v New Zealand,Dubai (DICS),09-Mar-25
IND13,HH Pandya,6,0,31,0,5.16,1,v South Africa,Southampton,05-Jun-19
IND13,HH Pandya,5,0,34,0,6.8,1,v South Africa,Centurion,04-Feb-18
IND13,HH Pandya,8,0,35,0,4.37,2,v South Africa,Cape Town,07-Feb-18
IND13,HH Pandya,7,1,37,0,5.28,1,v England,Nagpur,06-Feb-25
IND13,HH Pandya,6.4,0,38,0,5.7,2,v West Indies,Bridgetown,29-Jul-23
IND13,HH Pandya,5.3,0,39,0,7.09,2,v England,Leeds,17-Jul-18
IND13,HH Pandya,7,0,41,0,5.85,1,v South Africa,Durban,01-Feb-18
IND13,HH Pandya,7,0,47,0,6.71,1,v England,Nottingham,12-Jul-18
IND13,HH Pandya,9,0,48,0,5.33,2,v England,Pune,28-Mar-21
IND13,HH Pandya,10,0,60,0,6,1,v England,Birmingham,30-Jun-19
IND13,HH Pandya,10,0,68,0,6.8,2,v Australia,The Oval,09-Jun-19
IND15,JD Unadkat,5,0,16,1,3.2,2,v West Indies,Tarouba,01-Aug-23
IND16,JJ Bumrah,7.2,3,19,6,2.59,1,v England,The Oval,12-Jul-22
IND16,JJ Bumrah,10,1,35,4,3.5,1,v West Indies,Pune,27-Oct-18
IND16,JJ Bumrah,10,0,39,4,3.9,1,v Afghanistan,Delhi,11-Oct-23
IND16,JJ Bumrah,10,1,55,4,5.5,2,v Bangladesh,Birmingham,02-Jul-19
IND16,JJ Bumrah,6.5,1,32,3,4.68,2,v England,Lucknow,29-Oct-23
IND16,JJ Bumrah,9.1,1,37,3,4.03,1,v Bangladesh,Dubai (DICS),21-Sep-18
IND16,JJ Bumrah,10,2,37,3,3.7,1,v Sri Lanka,Leeds,06-Jul-19
IND16,JJ Bumrah,10,1,61,3,6.1,2,v Australia,The Oval,09-Jun-19
IND16,JJ Bumrah,8.5,0,63,3,7.13,2,v Australia,Mohali,10-Mar-19
IND16,JJ Bumrah,10,0,81,3,8.1,1,v Australia,Rajkot,27-Sep-23
IND16,JJ Bumrah,6,1,9,2,1.5,2,v West Indies,Manchester,27-Jun-19
IND16,JJ Bumrah,6,1,11,2,1.83,1,v West Indies,Thiruvananthapuram,01-Nov-18
IND16,JJ Bumrah,7,1,19,2,2.71,1,v Pakistan,Ahmedabad,14-Oct-23
IND16,JJ Bumrah,7.1,2,23,2,3.2,1,v Pakistan,Dubai (DICS),19-Sep-18
IND16,JJ Bumrah,8,1,24,2,3,1,v South Africa,Centurion,16-Feb-18
IND16,JJ Bumrah,10,1,29,2,2.9,1,v Pakistan,Dubai (DICS),23-Sep-18
IND16,JJ Bumrah,10,0,29,2,2.9,2,v Australia,Nagpur,05-Mar-19
IND16,JJ Bumrah,7,1,30,2,4.28,2,v Sri Lanka,Colombo (RPS),12-Sep-23
IND16,JJ Bumrah,7,0,32,2,4.57,2,v South Africa,Cape Town,07-Feb-18
IND16,JJ Bumrah,9,1,33,2,3.66,2,v Netherlands,Bengaluru,12-Nov-23
IND16,JJ Bumrah,10,1,35,2,3.5,1,v South Africa,Southampton,05-Jun-19
IND16,JJ Bumrah,10,0,35,2,3.5,1,v Australia,Chennai,08-Oct-23
IND16,JJ Bumrah,10,1,39,2,3.9,2,v Afghanistan,Southampton,22-Jun-19
IND16,JJ Bumrah,10,1,41,2,4.1,1,v Bangladesh,Pune,19-Oct-23
IND16,JJ Bumrah,9.3,0,43,2,4.52,2,v Australia,Canberra,02-Dec-20
IND16,JJ Bumrah,9,2,43,2,4.77,2,v Australia,Ahmedabad,19-Nov-23
IND16,JJ Bumrah,10,0,48,2,4.8,1,v South Africa,Paarl,19-Jan-22
IND16,JJ Bumrah,10,1,49,2,4.9,1,v England,Lord's,14-Jul-22
IND16,JJ Bumrah,10,0,52,2,5.2,1,v South Africa,Cape Town,23-Jan-22
IND16,JJ Bumrah,10,0,60,2,6,1,v Australia,Hyderabad,02-Mar-19
IND16,JJ Bumrah,5,1,8,1,1.6,2,v Sri Lanka,Wankhede,02-Nov-23
IND16,JJ Bumrah,5,1,12,1,2.4,1,v South Africa,Centurion,04-Feb-18
IND16,JJ Bumrah,5,1,18,1,3.6,2,v Pakistan,Colombo (RPS),10-Sep-23
IND16,JJ Bumrah,5,0,21,1,4.2,2,v South Africa,Johannesburg,10-Feb-18
IND16,JJ Bumrah,7,0,22,1,3.14,2,v South Africa,Gqeberha,13-Feb-18
IND16,JJ Bumrah,5,1,23,1,4.6,1,v Sri Lanka,Colombo (RPS),17-Sep-23
IND16,JJ Bumrah,9.1,2,32,1,3.49,2,v Australia,Rajkot,17-Jan-20
IND16,JJ Bumrah,10,0,37,1,3.7,2,v South Africa,Paarl,21-Jan-22
IND16,JJ Bumrah,8.3,0,39,1,4.58,1,v Bangladesh,Dubai (DICS),28-Sep-18
IND16,JJ Bumrah,10,1,39,1,3.9,1,v New Zealand,Manchester,09-Jul-19
IND16,JJ Bumrah,10,2,43,1,4.3,1,v Australia,Mohali,22-Sep-23
IND16,JJ Bumrah,10,1,44,1,4.4,1,v England,Birmingham,30-Jun-19
IND16,JJ Bumrah,10,1,45,1,4.5,1,v New Zealand,Dharamsala,22-Oct-23
IND16,JJ Bumrah,10,0,56,1,5.6,1,v South Africa,Durban,01-Feb-18
IND16,JJ Bumrah,10,1,64,1,6.4,2,v New Zealand,Wankhede,15-Nov-23
IND16,JJ Bumrah,10,0,73,1,7.3,1,v Australia,Sydney,27-Nov-20
IND16,JJ Bumrah,10,1,79,1,7.9,1,v Australia,Sydney,29-Nov-20
IND16,JJ Bumrah,5,0,14,0,2.8,2,v South Africa,Eden Gardens,05-Nov-23
IND16,JJ Bumrah,8,1,25,0,3.12,2,v West Indies,Brabourne,29-Oct-18
IND16,JJ Bumrah,10,0,38,0,3.8,1,v Australia,Bengaluru,19-Jan-20
IND16,JJ Bumrah,10,0,39,0,3.9,1,v Australia,Delhi,13-Mar-19
IND16,JJ Bumrah,7,0,50,0,7.14,2,v Australia,Wankhede,14-Jan-20
IND16,JJ Bumrah,10,0,50,0,5,2,v New Zealand,Mount Maunganui,11-Feb-20
IND16,JJ Bumrah,8,0,52,0,6.5,2,v Pakistan,Manchester,16-Jun-19
IND16,JJ Bumrah,10,0,53,0,5.3,1,v Australia,Ranchi,08-Mar-19
IND16,JJ Bumrah,10,1,53,0,5.3,2,v New Zealand,Hamilton,05-Feb-20
IND16,JJ Bumrah,10,0,64,0,6.4,1,v New Zealand,Auckland,08-Feb-20
IND18,KH Pandya,10,1,26,1,2.6,1,v Sri Lanka,Colombo (RPS),18-Jul-21
IND18,KH Pandya,10,0,59,1,5.9,2,v England,Pune,23-Mar-21
IND18,KH Pandya,4,0,29,0,7.25,2,v England,Pune,28-Mar-21
IND18,KH Pandya,8,0,37,0,4.62,1,v Sri Lanka,Colombo (RPS),20-Jul-21
IND18,KH Pandya,6,0,72,0,12,2,v England,Pune,26-Mar-21
IND19,KK Ahmed,5,0,13,3,2.6,2,v West Indies,Brabourne,29-Oct-18
IND19,KK Ahmed,10,0,48,3,4.8,2,v Hong Kong,Dubai (DICS),18-Sep-18
IND19,KK Ahmed,7,0,68,3,9.71,1,v West Indies,Port of Spain,14-Aug-19
IND19,KK Ahmed,7,1,29,2,4.14,1,v West Indies,Thiruvananthapuram,01-Nov-18
IND19,KK Ahmed,7,0,32,1,4.57,2,v West Indies,Port of Spain,11-Aug-19
IND19,KK Ahmed,10,1,45,1,4.5,1,v Afghanistan,Dubai (DICS),25-Sep-18
IND19,KK Ahmed,10,0,64,1,6.4,1,v West Indies,Guwahati,21-Oct-18
IND19,KK Ahmed,10,0,65,1,6.5,1,v West Indies,Pune,27-Oct-18
IND19,KK Ahmed,3,0,19,0,6.33,2,v New Zealand,Hamilton,31-Jan-19
IND19,KK Ahmed,8,0,55,0,6.87,1,v Australia,Sydney,12-Jan-19
IND21,Kuldeep Yadav,10,0,25,6,2.5,1,v England,Nottingham,12-Jul-18
IND21,Kuldeep Yadav,8,0,25,5,3.12,2,v Pakistan,Colombo (RPS),10-Sep-23
IND21,Kuldeep Yadav,3,2,6,4,2,1,v West Indies,Bridgetown,27-Jul-23
IND21,Kuldeep Yadav,4.1,1,18,4,4.32,1,v South Africa,Delhi,11-Oct-22
IND21,Kuldeep Yadav,9,1,23,4,2.55,2,v South Africa,Cape Town,07-Feb-18
IND21,Kuldeep Yadav,10,1,39,4,3.9,1,v New Zealand,Napier,23-Jan-19
IND21,Kuldeep Yadav,9.3,0,43,4,4.52,2,v Sri Lanka,Colombo (RPS),12-Sep-23
IND21,Kuldeep Yadav,10,0,45,4,4.5,2,v New Zealand,Mount Maunganui,26-Jan-19
IND21,Kuldeep Yadav,10,0,57,4,5.7,2,v South Africa,Gqeberha,13-Feb-18
IND21,Kuldeep Yadav,6,0,20,3,3.33,1,v South Africa,Centurion,04-Feb-18
IND21,Kuldeep Yadav,10,0,34,3,3.4,1,v South Africa,Durban,01-Feb-18
IND21,Kuldeep Yadav,9,0,40,3,4.44,1,v Pakistan,Dubai (DICS),23-Feb-25
IND21,Kuldeep Yadav,8.2,0,42,3,5.04,2,v West Indies,Brabourne,29-Oct-18
IND21,Kuldeep Yadav,10,0,45,3,4.5,1,v Bangladesh,Dubai (DICS),28-Sep-18
IND21,Kuldeep Yadav,10,0,51,3,5.1,1,v Sri Lanka,Eden Gardens,12-Jan-23
IND21,Kuldeep Yadav,10,0,52,3,5.2,2,v West Indies,Visakhapatnam,18-Dec-19
IND21,Kuldeep Yadav,10,0,54,3,5.4,2,v Australia,Nagpur,05-Mar-19
IND21,Kuldeep Yadav,10,1,56,3,5.6,1,v Australia,Chennai,22-Mar-23
IND21,Kuldeep Yadav,9,0,62,3,6.88,2,v New Zealand,Indore,24-Jan-23
IND21,Kuldeep Yadav,10,0,64,3,6.4,1,v Australia,Ranchi,08-Mar-19
IND21,Kuldeep Yadav,10,0,67,3,6.7,2,v West Indies,Visakhapatnam,24-Oct-18
IND21,Kuldeep Yadav,10,0,68,3,6.8,1,v England,Lord's,14-Jul-18
IND21,Kuldeep Yadav,5.1,1,7,2,1.35,2,v South Africa,Eden Gardens,05-Nov-23
IND21,Kuldeep Yadav,5,1,16,2,3.2,2,v Sri Lanka,Thiruvananthapuram,15-Jan-23
IND21,Kuldeep Yadav,8,0,24,2,3,2,v England,Lucknow,29-Oct-23
IND21,Kuldeep Yadav,8,3,25,2,3.12,2,v West Indies,Tarouba,01-Aug-23
IND21,Kuldeep Yadav,9,1,32,2,3.55,2,v Pakistan,Manchester,16-Jun-19
IND21,Kuldeep Yadav,10,1,33,2,3.3,1,v Sri Lanka,Colombo (RPS),04-Aug-24
IND21,Kuldeep Yadav,10,0,35,2,3.5,1,v Pakistan,Ahmedabad,14-Oct-23
IND21,Kuldeep Yadav,10,0,38,2,3.8,1,v Afghanistan,Dubai (DICS),25-Sep-18
IND21,Kuldeep Yadav,10,0,38,2,3.8,2,v Zimbabwe,Harare,22-Aug-22
IND21,Kuldeep Yadav,10,0,40,2,4,1,v New Zealand,Dubai (DICS),09-Mar-25
IND21,Kuldeep Yadav,10,0,41,2,4.1,1,v Pakistan,Dubai (DICS),23-Sep-18
IND21,Kuldeep Yadav,10,1,41,2,4.1,2,v Netherlands,Bengaluru,12-Nov-23
IND21,Kuldeep Yadav,10,2,42,2,4.2,2,v Hong Kong,Dubai (DICS),18-Sep-18
IND21,Kuldeep Yadav,10,0,42,2,4.2,1,v Australia,Chennai,08-Oct-23
IND21,Kuldeep Yadav,8,1,43,2,5.37,2,v New Zealand,Hyderabad,18-Jan-23
IND21,Kuldeep Yadav,10,0,46,2,4.6,1,v Australia,Hyderabad,02-Mar-19
IND21,Kuldeep Yadav,9,1,48,2,5.33,1,v Sri Lanka,Colombo (RPS),18-Jul-21
IND21,Kuldeep Yadav,6,0,48,2,8,1,v Australia,Rajkot,27-Sep-23
IND21,Kuldeep Yadav,6,0,51,2,8.5,2,v South Africa,Johannesburg,10-Feb-18
IND21,Kuldeep Yadav,8,0,51,2,6.37,2,v West Indies,Ahmedabad,11-Feb-22
IND21,Kuldeep Yadav,10,0,52,2,5.2,1,v West Indies,Pune,27-Oct-18
IND21,Kuldeep Yadav,10,0,54,2,5.4,1,v Australia,Sydney,12-Jan-19
IND21,Kuldeep Yadav,9.3,0,56,2,5.89,2,v New Zealand,Dubai (DICS),02-Mar-25
IND21,Kuldeep Yadav,10,0,59,2,5.9,2,v West Indies,Port of Spain,11-Aug-19
IND21,Kuldeep Yadav,10,0,65,2,6.5,2,v Australia,Rajkot,17-Jan-20
IND21,Kuldeep Yadav,10,0,73,2,7.3,1,v New Zealand,Dharamsala,22-Oct-23
IND21,Kuldeep Yadav,10,0,84,2,8.4,2,v New Zealand,Hamilton,05-Feb-20
IND21,Kuldeep Yadav,2.3,0,3,1,1.2,1,v South Africa,Johannesburg,17-Dec-23
IND21,Kuldeep Yadav,5,1,18,1,3.6,1,v West Indies,Thiruvananthapuram,01-Nov-18
IND21,Kuldeep Yadav,7.3,0,29,1,3.86,1,v New Zealand,Raipur,21-Jan-23
IND21,Kuldeep Yadav,8,0,30,1,3.75,2,v West Indies,Bridgetown,29-Jul-23
IND21,Kuldeep Yadav,10,0,33,1,3.3,1,v Sri Lanka,Colombo (RPS),02-Aug-24
IND21,Kuldeep Yadav,9,1,35,1,3.88,2,v West Indies,Manchester,27-Jun-19
IND21,Kuldeep Yadav,10,0,36,1,3.6,1,v Sri Lanka,Colombo (RPS),07-Aug-24
IND21,Kuldeep Yadav,8,0,37,1,4.62,1,v Pakistan,Dubai (DICS),19-Sep-18
IND21,Kuldeep Yadav,8,0,38,1,4.75,2,v England,Ahmedabad,12-Feb-25
IND21,Kuldeep Yadav,8,0,39,1,4.87,1,v South Africa,Lucknow,06-Oct-22
IND21,Kuldeep Yadav,10,0,40,1,4,1,v Afghanistan,Delhi,11-Oct-23
IND21,Kuldeep Yadav,10,0,46,1,4.6,1,v South Africa,Southampton,05-Jun-19
IND21,Kuldeep Yadav,10,0,47,1,4.7,1,v Bangladesh,Pune,19-Oct-23
IND21,Kuldeep Yadav,8,1,48,1,6,1,v Australia,Wankhede,17-Mar-23
IND21,Kuldeep Yadav,8,0,49,1,6.12,1,v Zimbabwe,Harare,20-Aug-22
IND21,Kuldeep Yadav,9,0,49,1,5.44,1,v South Africa,Ranchi,09-Oct-22
IND21,Kuldeep Yadav,10,0,51,1,5.1,1,v South Africa,Centurion,16-Feb-18
IND21,Kuldeep Yadav,10,1,53,1,5.3,2,v Bangladesh,Chattogram,10-Dec-22
IND21,Kuldeep Yadav,9.4,0,53,1,5.48,1,v England,Nagpur,06-Feb-25
IND21,Kuldeep Yadav,10,0,56,1,5.6,2,v New Zealand,Wankhede,15-Nov-23
IND21,Kuldeep Yadav,10,0,57,1,5.7,2,v Australia,Canberra,02-Dec-20
IND21,Kuldeep Yadav,10,0,58,1,5.8,1,v Sri Lanka,Leeds,06-Jul-19
IND21,Kuldeep Yadav,10,0,62,1,6.2,1,v Australia,Bengaluru,19-Jan-20
IND21,Kuldeep Yadav,10,0,64,1,6.4,2,v Australia,Mohali,10-Mar-19
IND21,Kuldeep Yadav,10,0,72,1,7.2,1,v England,Birmingham,30-Jun-19
IND21,Kuldeep Yadav,10,0,74,1,7.4,1,v Australia,Delhi,13-Mar-19
IND21,Kuldeep Yadav,1,0,1,0,1,1,v Sri Lanka,Colombo (RPS),17-Sep-23
IND21,Kuldeep Yadav,1,0,2,0,2,2,v New Zealand,Hamilton,31-Jan-19
IND21,Kuldeep Yadav,2,0,3,0,1.5,2,v Sri Lanka,Wankhede,02-Nov-23
IND21,Kuldeep Yadav,1,0,12,0,12,2,v Australia,Visakhapatnam,19-Mar-23
IND21,Kuldeep Yadav,10,0,34,0,3.4,1,v Bangladesh,Dubai (DICS),21-Sep-18
IND21,Kuldeep Yadav,10,2,34,0,3.4,1,v Nepal,Pallekele,04-Sep-23
IND21,Kuldeep Yadav,10,1,36,0,3.6,1,v Zimbabwe,Harare,18-Aug-22
IND21,Kuldeep Yadav,8,0,39,0,4.87,1,v New Zealand,Mount Maunganui,28-Jan-19
IND21,Kuldeep Yadav,10,0,39,0,3.9,2,v Afghanistan,Southampton,22-Jun-19
IND21,Kuldeep Yadav,10,0,43,0,4.3,1,v Bangladesh,Dubai (DICS),20-Feb-25
IND21,Kuldeep Yadav,8,0,44,0,5.5,1,v Australia,Dubai (DICS),04-Mar-25
IND21,Kuldeep Yadav,10,0,45,0,4.5,2,v West Indies,Chennai,15-Dec-19
IND21,Kuldeep Yadav,8,0,48,0,6,2,v South Africa,Gqeberha,19-Dec-23
IND21,Kuldeep Yadav,10,0,55,0,5.5,2,v England,Leeds,17-Jul-18
IND21,Kuldeep Yadav,9,0,55,0,6.11,2,v Australia,The Oval,09-Jun-19
IND21,Kuldeep Yadav,10,0,55,0,5.5,2,v Australia,Wankhede,14-Jan-20
IND21,Kuldeep Yadav,10,0,55,0,5.5,1,v Sri Lanka,Colombo (RPS),20-Jul-21
IND21,Kuldeep Yadav,10,0,56,0,5.6,2,v Australia,Ahmedabad,19-Nov-23
IND21,Kuldeep Yadav,10,0,66,0,6.6,1,v Australia,Adelaide,15-Jan-19
IND21,Kuldeep Yadav,10,0,67,0,6.7,1,v West Indies,Cuttack,22-Dec-19
IND21,Kuldeep Yadav,9,0,68,0,7.55,2,v England,Pune,23-Mar-21
IND21,Kuldeep Yadav,10,0,84,0,8.4,2,v England,Pune,26-Mar-21
IND22,M Prasidh Krishna,9,3,12,4,1.33,2,v West Indies,Ahmedabad,09-Feb-22
IND22,M Prasidh Krishna,8.1,1,54,4,6.61,2,v England,Pune,23-Mar-21
IND22,M Prasidh Krishna,8.1,1,27,3,3.3,2,v West Indies,Ahmedabad,11-Feb-22
IND22,M Prasidh Krishna,8,0,50,3,6.25,1,v Zimbabwe,Harare,18-Aug-22
IND22,M Prasidh Krishna,9.5,0,59,3,6,1,v South Africa,Cape Town,23-Jan-22
IND22,M Prasidh Krishna,10,0,29,2,2.9,1,v West Indies,Ahmedabad,06-Feb-22
IND22,M Prasidh Krishna,6,0,56,2,9.33,2,v Australia,Indore,24-Sep-23
IND22,M Prasidh Krishna,10,0,58,2,5.8,2,v England,Pune,26-Mar-21
IND22,M Prasidh Krishna,5,0,26,1,5.2,1,v England,The Oval,12-Jul-22
IND22,M Prasidh Krishna,6.1,1,28,1,4.54,1,v Zimbabwe,Harare,20-Aug-22
IND22,M Prasidh Krishna,4,0,30,1,7.5,2,v West Indies,Port of Spain,27-Jul-22
IND22,M Prasidh Krishna,9,0,43,1,4.77,1,v Bangladesh,Colombo (RPS),15-Sep-23
IND22,M Prasidh Krishna,5,0,45,1,9,1,v Australia,Rajkot,27-Sep-23
IND22,M Prasidh Krishna,8,0,53,1,6.62,1,v England,Lord's,14-Jul-22
IND22,M Prasidh Krishna,9,0,48,0,5.33,1,v England,Manchester,17-Jul-22
IND22,M Prasidh Krishna,7,0,62,0,8.85,2,v England,Pune,28-Mar-21
IND22,M Prasidh Krishna,10,1,62,0,6.2,2,v West Indies,Port of Spain,22-Jul-22
IND23,MA Agarwal,1,0,10,0,10,1,v Australia,Sydney,29-Nov-20
IND25,Mohammed Shami,9.5,0,57,7,5.79,2,v New Zealand,Wankhede,15-Nov-23
IND25,Mohammed Shami,5,1,18,5,3.6,2,v Sri Lanka,Wankhede,02-Nov-23
IND25,Mohammed Shami,10,1,51,5,5.1,1,v Australia,Mohali,22-Sep-23
IND25,Mohammed Shami,10,0,53,5,5.3,1,v Bangladesh,Dubai (DICS),20-Feb-25
IND25,Mohammed Shami,10,0,54,5,5.4,1,v New Zealand,Dharamsala,22-Oct-23
IND25,Mohammed Shami,10,1,69,5,6.9,1,v England,Birmingham,30-Jun-19
IND25,Mohammed Shami,6.2,0,16,4,2.52,2,v West Indies,Manchester,27-Jun-19
IND25,Mohammed Shami,7,2,22,4,3.14,2,v England,Lucknow,29-Oct-23
IND25,Mohammed Shami,9.5,1,40,4,4.06,2,v Afghanistan,Southampton,22-Jun-19
IND25,Mohammed Shami,10,0,63,4,6.3,1,v Australia,Bengaluru,19-Jan-20
IND25,Mohammed Shami,6,2,17,3,2.83,1,v Australia,Wankhede,17-Mar-23
IND25,Mohammed Shami,6,1,18,3,3,1,v New Zealand,Raipur,21-Jan-23
IND25,Mohammed Shami,6,2,19,3,3.16,1,v New Zealand,Napier,23-Jan-19
IND25,Mohammed Shami,7,0,31,3,4.42,1,v England,The Oval,12-Jul-22
IND25,Mohammed Shami,7.3,0,39,3,5.2,2,v West Indies,Visakhapatnam,18-Dec-19
IND25,Mohammed Shami,9,0,41,3,4.55,1,v New Zealand,Mount Maunganui,28-Jan-19
IND25,Mohammed Shami,10,0,48,3,4.8,1,v Australia,Dubai (DICS),04-Mar-25
IND25,Mohammed Shami,10,0,58,3,5.8,1,v Australia,Adelaide,15-Jan-19
IND25,Mohammed Shami,10,0,59,3,5.9,1,v Australia,Sydney,27-Nov-20
IND25,Mohammed Shami,10,0,77,3,7.7,2,v Australia,Rajkot,17-Jan-20
IND25,Mohammed Shami,4,0,18,2,4.5,2,v South Africa,Eden Gardens,05-Nov-23
IND25,Mohammed Shami,6,2,20,2,3.33,2,v Sri Lanka,Thiruvananthapuram,15-Jan-23
IND25,Mohammed Shami,8,1,32,2,4,1,v Bangladesh,Colombo (RPS),15-Sep-23
IND25,Mohammed Shami,8,0,35,2,4.37,2,v New Zealand,Wellington,03-Feb-19
IND25,Mohammed Shami,8,0,39,2,4.87,2,v West Indies,Port of Spain,11-Aug-19
IND25,Mohammed Shami,10,2,44,2,4.4,1,v Australia,Hyderabad,02-Mar-19
IND25,Mohammed Shami,9.4,0,47,2,4.86,1,v Australia,Melbourne,18-Jan-19
IND25,Mohammed Shami,7,1,50,2,7.14,1,v West Indies,Port of Spain,14-Aug-19
IND25,Mohammed Shami,9,0,57,2,6.33,1,v Australia,Delhi,13-Mar-19
IND25,Mohammed Shami,10,0,81,2,8.1,1,v West Indies,Guwahati,21-Oct-18
IND25,Mohammed Shami,7,0,29,1,4.14,1,v Nepal,Pallekele,04-Sep-23
IND25,Mohammed Shami,8,1,38,1,4.75,1,v England,Nagpur,06-Feb-25
IND25,Mohammed Shami,6,0,39,1,6.5,2,v Australia,Indore,24-Sep-23
IND25,Mohammed Shami,6,0,43,1,7.16,2,v New Zealand,Mount Maunganui,26-Jan-19
IND25,Mohammed Shami,7,1,47,1,6.71,2,v Australia,Ahmedabad,19-Nov-23
IND25,Mohammed Shami,10,0,48,1,4.8,1,v England,Lord's,14-Jul-22
IND25,Mohammed Shami,10,0,52,1,5.2,1,v Australia,Ranchi,08-Mar-19
IND25,Mohammed Shami,9,1,57,1,6.33,2,v West Indies,Chennai,15-Dec-19
IND25,Mohammed Shami,10,0,59,1,5.9,2,v West Indies,Visakhapatnam,24-Oct-18
IND25,Mohammed Shami,9.1,0,63,1,6.87,2,v New Zealand,Hamilton,05-Feb-20
IND25,Mohammed Shami,10,2,66,1,6.6,1,v West Indies,Cuttack,22-Dec-19
IND25,Mohammed Shami,7.5,0,66,1,8.42,1,v England,Cuttack,09-Feb-25
IND25,Mohammed Shami,9,0,67,1,7.44,2,v Sri Lanka,Guwahati,10-Jan-23
IND25,Mohammed Shami,9,0,68,1,7.55,2,v Bangladesh,Birmingham,02-Jul-19
IND25,Mohammed Shami,10,1,69,1,6.9,2,v New Zealand,Hyderabad,18-Jan-23
IND25,Mohammed Shami,9,0,73,1,8.11,1,v Australia,Sydney,29-Nov-20
IND25,Mohammed Shami,9,0,74,1,8.22,1,v New Zealand,Dubai (DICS),09-Mar-25
IND25,Mohammed Shami,4,0,15,0,3.75,2,v New Zealand,Dubai (DICS),02-Mar-25
IND25,Mohammed Shami,3,0,29,0,9.66,2,v Australia,Visakhapatnam,19-Mar-23
IND25,Mohammed Shami,6,0,37,0,6.16,1,v Australia,Chennai,22-Mar-23
IND25,Mohammed Shami,7,0,38,0,5.42,1,v England,Manchester,17-Jul-22
IND25,Mohammed Shami,6,0,41,0,6.83,2,v Netherlands,Bengaluru,12-Nov-23
IND25,Mohammed Shami,7,0,43,0,6.14,1,v Sri Lanka,Eden Gardens,12-Jan-23
IND25,Mohammed Shami,8,0,43,0,5.37,1,v Pakistan,Dubai (DICS),23-Feb-25
IND25,Mohammed Shami,10,0,46,0,4.6,1,v Australia,Sydney,12-Jan-19
IND25,Mohammed Shami,7.4,0,58,0,7.56,2,v Australia,Wankhede,14-Jan-20
IND25,Mohammed Shami,10,0,60,0,6,2,v Australia,Nagpur,05-Mar-19
IND26,Mohammed Siraj,7,1,21,6,3,1,v Sri Lanka,Colombo (RPS),17-Sep-23
IND26,Mohammed Siraj,10,1,32,4,3.2,2,v Sri Lanka,Thiruvananthapuram,15-Jan-23
IND26,Mohammed Siraj,10,2,46,4,4.6,2,v New Zealand,Hyderabad,18-Jan-23
IND26,Mohammed Siraj,7,2,16,3,2.28,2,v Sri Lanka,Wankhede,02-Nov-23
IND26,Mohammed Siraj,9,1,29,3,3.22,2,v West Indies,Ahmedabad,11-Feb-22
IND26,Mohammed Siraj,5.4,1,29,3,5.11,1,v Australia,Wankhede,17-Mar-23
IND26,Mohammed Siraj,5.4,0,30,3,5.29,1,v Sri Lanka,Eden Gardens,12-Jan-23
IND26,Mohammed Siraj,10,1,32,3,3.2,2,v Bangladesh,Mirpur,04-Dec-22
IND26,Mohammed Siraj,10,1,38,3,3.8,1,v South Africa,Ranchi,09-Oct-22
IND26,Mohammed Siraj,9.2,1,61,3,6.53,1,v Nepal,Pallekele,04-Sep-23
IND26,Mohammed Siraj,3,0,14,2,4.66,2,v West Indies,Port of Spain,27-Jul-22
IND26,Mohammed Siraj,5,0,17,2,3.4,1,v South Africa,Delhi,11-Oct-22
IND26,Mohammed Siraj,6,1,29,2,4.83,2,v Netherlands,Bengaluru,12-Nov-23
IND26,Mohammed Siraj,7,1,30,2,4.28,2,v Sri Lanka,Guwahati,10-Jan-23
IND26,Mohammed Siraj,7,1,37,2,5.28,1,v Australia,Chennai,22-Mar-23
IND26,Mohammed Siraj,8,0,50,2,6.25,1,v Pakistan,Ahmedabad,14-Oct-23
IND26,Mohammed Siraj,10,0,57,2,5.7,2,v West Indies,Port of Spain,22-Jul-22
IND26,Mohammed Siraj,10,0,60,2,6,1,v Bangladesh,Pune,19-Oct-23
IND26,Mohammed Siraj,9,1,66,2,7.33,1,v England,Manchester,17-Jul-22
IND26,Mohammed Siraj,10,0,73,2,7.3,1,v Bangladesh,Mirpur,07-Dec-22
IND26,Mohammed Siraj,6,1,10,1,1.66,1,v New Zealand,Raipur,21-Jan-23
IND26,Mohammed Siraj,4,1,11,1,2.75,2,v South Africa,Eden Gardens,05-Nov-23
IND26,Mohammed Siraj,8,2,16,1,2,1,v Zimbabwe,Harare,20-Aug-22
IND26,Mohammed Siraj,5,2,17,1,3.4,2,v Sri Lanka,Colombo (RPS),12-Sep-23
IND26,Mohammed Siraj,8,2,26,1,3.25,1,v West Indies,Ahmedabad,06-Feb-22
IND26,Mohammed Siraj,6.3,1,26,1,4,1,v Australia,Chennai,08-Oct-23
IND26,Mohammed Siraj,5,0,27,1,5.4,2,v Bangladesh,Chattogram,10-Dec-22
IND26,Mohammed Siraj,8,2,36,1,4.5,1,v Zimbabwe,Harare,18-Aug-22
IND26,Mohammed Siraj,8,2,36,1,4.5,1,v Sri Lanka,Colombo (RPS),02-Aug-24
IND26,Mohammed Siraj,9,1,38,1,4.22,2,v West Indies,Ahmedabad,09-Feb-22
IND26,Mohammed Siraj,8,1,43,1,5.37,1,v Sri Lanka,Colombo (RPS),04-Aug-24
IND26,Mohammed Siraj,10,1,45,1,4.5,1,v New Zealand,Dharamsala,22-Oct-23
IND26,Mohammed Siraj,7,0,45,1,6.42,2,v Australia,Ahmedabad,19-Nov-23
IND26,Mohammed Siraj,9,0,68,1,7.55,1,v Australia,Rajkot,27-Sep-23
IND26,Mohammed Siraj,9,0,78,1,8.66,2,v New Zealand,Wankhede,15-Nov-23
IND26,Mohammed Siraj,9,0,78,1,8.66,1,v Sri Lanka,Colombo (RPS),07-Aug-24
IND26,Mohammed Siraj,5,0,23,0,4.6,2,v Pakistan,Colombo (RPS),10-Sep-23
IND26,Mohammed Siraj,6,0,33,0,5.5,2,v England,Lucknow,29-Oct-23
IND26,Mohammed Siraj,3,0,37,0,12.33,2,v Australia,Visakhapatnam,19-Mar-23
IND26,Mohammed Siraj,10,1,46,0,4.6,1,v West Indies,Port of Spain,24-Jul-22
IND26,Mohammed Siraj,8,0,49,0,6.12,1,v South Africa,Lucknow,06-Oct-22
IND26,Mohammed Siraj,10,0,76,0,7.6,1,v Australia,Adelaide,15-Jan-19
IND26,Mohammed Siraj,9,0,76,0,8.44,1,v Afghanistan,Delhi,11-Oct-23
IND29,R Ashwin,7,0,41,3,5.85,2,v Australia,Indore,24-Sep-23
IND29,R Ashwin,10,1,34,1,3.4,1,v Australia,Chennai,08-Oct-23
IND29,R Ashwin,10,0,47,1,4.7,1,v Australia,Mohali,22-Sep-23
IND29,R Ashwin,10,0,53,1,5.3,1,v South Africa,Paarl,19-Jan-22
IND29,R Ashwin,10,1,68,0,6.8,2,v South Africa,Paarl,21-Jan-22
IND31,RA Jadeja,9,1,33,5,3.66,2,v South Africa,Eden Gardens,05-Nov-23
IND31,RA Jadeja,10,0,29,4,2.9,1,v Bangladesh,Dubai (DICS),21-Sep-18
IND31,RA Jadeja,9.5,1,34,4,3.45,1,v West Indies,Thiruvananthapuram,01-Nov-18
IND31,RA Jadeja,9,1,26,3,2.88,1,v England,Nagpur,06-Feb-25
IND31,RA Jadeja,10,2,28,3,2.8,1,v Australia,Chennai,08-Oct-23
IND31,RA Jadeja,10,1,35,3,3.5,1,v England,Cuttack,09-Feb-25
IND31,RA Jadeja,6,0,37,3,6.16,1,v West Indies,Bridgetown,27-Jul-23
IND31,RA Jadeja,10,0,40,3,4,1,v Nepal,Pallekele,04-Sep-23
IND31,RA Jadeja,5.2,0,42,3,7.87,2,v Australia,Indore,24-Sep-23
IND31,RA Jadeja,10,1,46,3,4.6,1,v Afghanistan,Dubai (DICS),25-Sep-18
IND31,RA Jadeja,10,0,33,2,3.3,2,v Sri Lanka,Colombo (RPS),12-Sep-23
IND31,RA Jadeja,9.5,0,38,2,3.86,1,v Pakistan,Ahmedabad,14-Oct-23
IND31,RA Jadeja,10,0,38,2,3.8,1,v Bangladesh,Pune,19-Oct-23
IND31,RA Jadeja,8,1,40,2,5,1,v Australia,Dubai (DICS),04-Mar-25
IND31,RA Jadeja,10,1,44,2,4.4,1,v Australia,Bengaluru,19-Jan-20
IND31,RA Jadeja,10,0,45,2,4.5,1,v Australia,Delhi,13-Mar-19
IND31,RA Jadeja,9,0,46,2,5.11,1,v Australia,Wankhede,17-Mar-23
IND31,RA Jadeja,9,0,49,2,5.44,2,v Netherlands,Bengaluru,12-Nov-23
IND31,RA Jadeja,10,0,58,2,5.8,2,v Australia,Rajkot,17-Jan-20
IND31,RA Jadeja,10,0,66,2,6.6,1,v West Indies,Guwahati,21-Oct-18
IND31,RA Jadeja,10,0,74,2,7.4,2,v West Indies,Visakhapatnam,18-Dec-19
IND31,RA Jadeja,0.4,0,4,1,6,2,v Sri Lanka,Wankhede,02-Nov-23
IND31,RA Jadeja,4,0,15,1,3.75,2,v West Indies,Port of Spain,11-Aug-19
IND31,RA Jadeja,7,1,16,1,2.28,2,v England,Lucknow,29-Oct-23
IND31,RA Jadeja,4,0,21,1,5.25,1,v England,Manchester,17-Jul-22
IND31,RA Jadeja,5,0,26,1,5.2,1,v West Indies,Port of Spain,14-Aug-19
IND31,RA Jadeja,10,0,30,1,3,1,v New Zealand,Dubai (DICS),09-Mar-25
IND31,RA Jadeja,10,0,34,1,3.4,1,v New Zealand,Manchester,09-Jul-19
IND31,RA Jadeja,10,0,35,1,3.5,1,v New Zealand,Auckland,08-Feb-20
IND31,RA Jadeja,8,0,36,1,4.5,2,v New Zealand,Dubai (DICS),02-Mar-25
IND31,RA Jadeja,10,1,39,1,3.9,2,v West Indies,Brabourne,29-Oct-18
IND31,RA Jadeja,10,0,40,1,4,1,v Sri Lanka,Leeds,06-Jul-19
IND31,RA Jadeja,7,0,40,1,5.71,1,v Pakistan,Dubai (DICS),23-Feb-25
IND31,RA Jadeja,10,0,45,1,4.5,2,v New Zealand,Mount Maunganui,11-Feb-20
IND31,RA Jadeja,10,0,48,1,4.8,1,v Australia,Sydney,12-Jan-19
IND31,RA Jadeja,10,0,48,1,4.8,2,v Australia,Nagpur,05-Mar-19
IND31,RA Jadeja,10,1,49,1,4.9,1,v Australia,Adelaide,15-Jan-19
IND31,RA Jadeja,10,0,51,1,5.1,1,v Australia,Mohali,22-Sep-23
IND31,RA Jadeja,10,1,53,1,5.3,1,v Bangladesh,Colombo (RPS),15-Sep-23
IND31,RA Jadeja,10,0,54,1,5.4,1,v West Indies,Cuttack,22-Dec-19
IND31,RA Jadeja,10,0,62,1,6.2,2,v Australia,Canberra,02-Dec-20
IND31,RA Jadeja,5,0,17,0,3.4,1,v England,Lord's,14-Jul-22
IND31,RA Jadeja,6,0,24,0,4,2,v West Indies,Bridgetown,29-Jul-23
IND31,RA Jadeja,5,0,26,0,5.2,2,v Pakistan,Colombo (RPS),10-Sep-23
IND31,RA Jadeja,5,1,29,0,5.8,2,v West Indies,Tarouba,01-Aug-23
IND31,RA Jadeja,6,0,31,0,5.16,1,v Bangladesh,Dubai (DICS),28-Sep-18
IND31,RA Jadeja,10,0,33,0,3.3,1,v Australia,Hyderabad,02-Mar-19
IND31,RA Jadeja,10,0,34,0,3.4,1,v Australia,Chennai,22-Mar-23
IND31,RA Jadeja,9,0,37,0,4.11,1,v Bangladesh,Dubai (DICS),20-Feb-25
IND31,RA Jadeja,8,0,38,0,4.75,1,v Afghanistan,Delhi,11-Oct-23
IND31,RA Jadeja,8,0,41,0,5.12,2,v Australia,Wankhede,14-Jan-20
IND31,RA Jadeja,10,0,43,0,4.3,2,v Australia,Ahmedabad,19-Nov-23
IND31,RA Jadeja,10,0,48,0,4.8,1,v New Zealand,Dharamsala,22-Oct-23
IND31,RA Jadeja,10,0,49,0,4.9,2,v West Indies,Visakhapatnam,24-Oct-18
IND31,RA Jadeja,9,0,50,0,5.55,1,v Pakistan,Dubai (DICS),23-Sep-18
IND31,RA Jadeja,9,0,53,0,5.88,1,v Australia,Melbourne,18-Jan-19
IND31,RA Jadeja,10,0,58,0,5.8,2,v West Indies,Chennai,15-Dec-19
IND31,RA Jadeja,10,0,60,0,6,1,v Australia,Sydney,29-Nov-20
IND31,RA Jadeja,10,0,61,0,6.1,1,v Australia,Rajkot,27-Sep-23
IND31,RA Jadeja,10,0,63,0,6.3,1,v Australia,Sydney,27-Nov-20
IND31,RA Jadeja,10,0,63,0,6.3,2,v New Zealand,Wankhede,15-Nov-23
IND31,RA Jadeja,10,0,64,0,6.4,1,v Australia,Ranchi,08-Mar-19
IND31,RA Jadeja,10,0,64,0,6.4,2,v New Zealand,Hamilton,05-Feb-20
IND32,Ravi Bishnoi,8,0,69,1,8.62,1,v South Africa,Lucknow,06-Oct-22
IND33,RD Chahar,10,0,54,3,5.4,2,v Sri Lanka,Colombo (RPS),23-Jul-21
IND36,RK Singh,1,0,2,1,2,2,v South Africa,Gqeberha,19-Dec-23
IND39,S Dube,4,0,19,1,4.75,1,v Sri Lanka,Colombo (RPS),02-Aug-24
IND39,S Dube,4,0,9,0,2.25,1,v Sri Lanka,Colombo (RPS),07-Aug-24
IND39,S Dube,2,0,10,0,5,1,v Sri Lanka,Colombo (RPS),04-Aug-24
IND39,S Dube,7.5,0,68,0,8.68,2,v West Indies,Chennai,15-Dec-19
IND41,Shahbaz Ahmed,7,0,32,2,4.57,1,v South Africa,Delhi,11-Oct-22
IND41,Shahbaz Ahmed,10,0,54,1,5.4,1,v South Africa,Ranchi,09-Oct-22
IND41,Shahbaz Ahmed,9,0,39,0,4.33,2,v Bangladesh,Mirpur,04-Dec-22
IND43,SN Thakur,6.3,0,37,4,5.69,2,v West Indies,Tarouba,01-Aug-23
IND43,SN Thakur,8.5,0,52,4,5.88,1,v South Africa,Centurion,16-Feb-18
IND43,SN Thakur,10,0,67,4,6.7,2,v England,Pune,28-Mar-21
IND43,SN Thakur,5,0,30,3,6,2,v Bangladesh,Chattogram,10-Dec-22
IND43,SN Thakur,6,0,37,3,6.16,2,v England,Pune,23-Mar-21
IND43,SN Thakur,7,0,38,3,5.42,1,v Zimbabwe,Harare,20-Aug-22
IND43,SN Thakur,8,0,42,3,5.25,2,v West Indies,Bridgetown,29-Jul-23
IND43,SN Thakur,6,0,45,3,7.5,2,v New Zealand,Indore,24-Jan-23
IND43,SN Thakur,10,1,51,3,5.1,2,v Australia,Canberra,02-Dec-20
IND43,SN Thakur,7,0,54,3,7.71,1,v West Indies,Port of Spain,24-Jul-22
IND43,SN Thakur,10,0,65,3,6.5,1,v Bangladesh,Colombo (RPS),15-Sep-23
IND43,SN Thakur,5,0,17,2,3.4,2,v West Indies,Port of Spain,27-Jul-22
IND43,SN Thakur,8,1,35,2,4.37,1,v South Africa,Lucknow,06-Oct-22
IND43,SN Thakur,9,1,41,2,4.55,2,v West Indies,Ahmedabad,09-Feb-22
IND43,SN Thakur,8,0,54,2,6.75,2,v West Indies,Port of Spain,22-Jul-22
IND43,SN Thakur,7.2,0,54,2,7.36,2,v New Zealand,Hyderabad,18-Jan-23
IND43,SN Thakur,10,1,60,2,6,1,v New Zealand,Auckland,08-Feb-20
IND43,SN Thakur,3,1,14,1,4.66,1,v West Indies,Bridgetown,27-Jul-23
IND43,SN Thakur,4,0,16,1,4,2,v Pakistan,Colombo (RPS),10-Sep-23
IND43,SN Thakur,9,1,21,1,2.33,2,v Bangladesh,Mirpur,04-Dec-22
IND43,SN Thakur,6,1,26,1,4.33,1,v New Zealand,Raipur,21-Jan-23
IND43,SN Thakur,4,0,26,1,6.5,1,v Nepal,Pallekele,04-Sep-23
IND43,SN Thakur,6,0,31,1,5.16,1,v Afghanistan,Delhi,11-Oct-23
IND43,SN Thakur,5,0,35,1,7,2,v South Africa,Paarl,21-Jan-22
IND43,SN Thakur,5,0,36,1,7.2,1,v South Africa,Ranchi,09-Oct-22
IND43,SN Thakur,10,0,51,1,5.1,2,v England,Leeds,17-Jul-18
IND43,SN Thakur,8,0,55,1,6.87,2,v West Indies,Visakhapatnam,18-Dec-19
IND43,SN Thakur,9,0,55,1,6.11,2,v Zimbabwe,Harare,22-Aug-22
IND43,SN Thakur,9,0,59,1,6.55,1,v Bangladesh,Pune,19-Oct-23
IND43,SN Thakur,9,1,63,1,7,2,v New Zealand,Auckland,25-Nov-22
IND43,SN Thakur,10,0,66,1,6.6,1,v West Indies,Cuttack,22-Dec-19
IND43,SN Thakur,9,0,80,1,8.88,2,v New Zealand,Hamilton,05-Feb-20
IND43,SN Thakur,9.1,0,87,1,9.49,2,v New Zealand,Mount Maunganui,11-Feb-20
IND43,SN Thakur,2,0,8,0,4,1,v South Africa,Delhi,11-Oct-22
IND43,SN Thakur,2,0,12,0,6,1,v Australia,Wankhede,17-Mar-23
IND43,SN Thakur,2,0,12,0,6,1,v Pakistan,Ahmedabad,14-Oct-23
IND43,SN Thakur,4,0,35,0,8.75,2,v Australia,Indore,24-Sep-23
IND43,SN Thakur,7,0,38,0,5.42,1,v West Indies,Ahmedabad,06-Feb-22
IND43,SN Thakur,4,0,41,0,10.25,2,v Hong Kong,Dubai (DICS),18-Sep-18
IND43,SN Thakur,5,0,43,0,8.6,2,v Australia,Wankhede,14-Jan-20
IND43,SN Thakur,10,1,47,0,4.7,1,v Bangladesh,Mirpur,07-Dec-22
IND43,SN Thakur,7.3,0,54,0,7.2,2,v England,Pune,26-Mar-21
IND43,SN Thakur,10,1,72,0,7.2,1,v South Africa,Paarl,19-Jan-22
IND43,SN Thakur,10,0,78,0,7.8,1,v Australia,Mohali,22-Sep-23
IND46,T Natarajan,10,1,70,2,7,2,v Australia,Canberra,02-Dec-20
IND46,T Natarajan,10,0,73,1,7.3,2,v England,Pune,28-Mar-21
IND47,Umran Malik,8,0,57,3,7.12,2,v Sri Lanka,Guwahati,10-Jan-23
IND47,Umran Malik,8,0,43,2,5.37,2,v Bangladesh,Chattogram,10-Dec-22
IND47,Umran Malik,7,0,48,2,6.85,1,v Sri Lanka,Eden Gardens,12-Jan-23
IND47,Umran Malik,10,2,58,2,5.8,1,v Bangladesh,Mirpur,07-Dec-22
IND47,Umran Malik,10,0,66,2,6.6,2,v New Zealand,Auckland,25-Nov-22
IND47,Umran Malik,7,0,52,1,7.42,2,v New Zealand,Indore,24-Jan-23
IND47,Umran Malik,3,0,17,0,5.66,1,v West Indies,Bridgetown,27-Jul-23
IND47,Umran Malik,3,0,27,0,9,2,v West Indies,Bridgetown,29-Jul-23
IND48,UT Yadav,9.5,0,70,2,7.11,1,v England,Nottingham,12-Jul-18
IND48,UT Yadav,10,0,63,1,6.3,1,v England,Lord's,14-Jul-18
IND48,UT Yadav,10,0,78,1,7.8,2,v West Indies,Visakhapatnam,24-Oct-18
IND48,UT Yadav,10,0,64,0,6.4,1,v West Indies,Guwahati,21-Oct-18
IND50,V Shankar,1.3,0,15,2,10,2,v Australia,Nagpur,05-Mar-19
IND50,V Shankar,5.2,0,22,2,4.12,2,v Pakistan,Manchester,16-Jun-19
IND50,V Shankar,2,0,17,0,8.5,2,v New Zealand,Mount Maunganui,26-Jan-19
IND50,V Shankar,4,0,19,0,4.75,1,v New Zealand,Napier,23-Jan-19
IND50,V Shankar,4,0,19,0,4.75,2,v New Zealand,Wellington,03-Feb-19
IND50,V Shankar,3,0,22,0,7.33,1,v Australia,Hyderabad,02-Mar-19
IND50,V Shankar,6,0,23,0,3.83,1,v Australia,Melbourne,18-Jan-19
IND50,V Shankar,5,0,29,0,5.8,2,v Australia,Mohali,10-Mar-19
IND50,V Shankar,8,0,44,0,5.5,1,v Australia,Ranchi,08-Mar-19
IND51,VR Iyer,5,0,28,0,5.6,2,v South Africa,Paarl,21-Jan-22
IND52,Washington Sundar,9,1,30,3,3.33,1,v West Indies,Ahmedabad,06-Feb-22
IND52,Washington Sundar,10,1,30,3,3,1,v Sri Lanka,Colombo (RPS),04-Aug-24
IND52,Washington Sundar,10,0,37,3,3.7,1,v Bangladesh,Mirpur,07-Dec-22
IND52,Washington Sundar,3,1,7,2,2.33,1,v New Zealand,Raipur,21-Jan-23
IND52,Washington Sundar,4,0,15,2,3.75,1,v South Africa,Delhi,11-Oct-22
IND52,Washington Sundar,5,0,17,2,3.4,2,v Bangladesh,Mirpur,04-Dec-22
IND52,Washington Sundar,10,0,38,2,3.8,2,v South Africa,Paarl,21-Dec-23
IND52,Washington Sundar,1,0,2,1,2,2,v Bangladesh,Chattogram,10-Dec-22
IND52,Washington Sundar,5,0,28,1,5.6,2,v West Indies,Ahmedabad,09-Feb-22
IND52,Washington Sundar,8,1,29,1,3.62,1,v Sri Lanka,Colombo (RPS),07-Aug-24
IND52,Washington Sundar,5,0,43,1,8.6,2,v England,Ahmedabad,12-Feb-25
IND52,Washington Sundar,9,1,46,1,5.11,1,v Sri Lanka,Colombo (RPS),02-Aug-24
IND52,Washington Sundar,9,0,60,1,6.66,1,v South Africa,Ranchi,09-Oct-22
IND52,Washington Sundar,4,0,17,0,4.25,2,v West Indies,Ahmedabad,11-Feb-22
IND52,Washington Sundar,10,0,42,0,4.2,2,v New Zealand,Auckland,25-Nov-22
IND52,Washington Sundar,10,0,48,0,4.8,1,v Australia,Rajkot,27-Sep-23
IND52,Washington Sundar,6,0,49,0,8.16,2,v New Zealand,Indore,24-Jan-23
IND52,Washington Sundar,7,0,50,0,7.14,2,v New Zealand,Hyderabad,18-Jan-23
IND54,YS Chahal,10,0,42,6,4.2,1,v Australia,Melbourne,18-Jan-19
IND54,YS Chahal,8.2,1,22,5,2.64,1,v South Africa,Centurion,04-Feb-18
IND54,YS Chahal,4,0,17,4,4.25,2,v West Indies,Port of Spain,27-Jul-22
IND54,YS Chahal,9,0,46,4,5.11,2,v South Africa,Cape Town,07-Feb-18
IND54,YS Chahal,10,0,47,4,4.7,1,v England,Lord's,14-Jul-22
IND54,YS Chahal,9.5,0,49,4,4.98,1,v West Indies,Ahmedabad,06-Feb-22
IND54,YS Chahal,10,0,51,4,5.1,1,v South Africa,Southampton,05-Jun-19
IND54,YS Chahal,10,0,41,3,4.1,1,v West Indies,Guwahati,21-Oct-18
IND54,YS Chahal,10,0,41,3,4.1,2,v New Zealand,Wellington,03-Feb-19
IND54,YS Chahal,10,0,46,3,4.6,2,v Hong Kong,Dubai (DICS),18-Sep-18
IND54,YS Chahal,10,1,47,3,4.7,2,v New Zealand,Mount Maunganui,11-Feb-20
IND54,YS Chahal,10,1,50,3,5,1,v Sri Lanka,Colombo (RPS),20-Jul-21
IND54,YS Chahal,10,0,58,3,5.8,1,v New Zealand,Auckland,08-Feb-20
IND54,YS Chahal,9.5,0,60,3,6.1,1,v England,Manchester,17-Jul-22
IND54,YS Chahal,10,0,36,2,3.6,2,v Afghanistan,Southampton,22-Jun-19
IND54,YS Chahal,10,0,38,2,3.8,1,v South Africa,Centurion,16-Feb-18
IND54,YS Chahal,7,0,39,2,5.57,2,v West Indies,Manchester,27-Jun-19
IND54,YS Chahal,9.2,0,43,2,4.6,2,v South Africa,Gqeberha,13-Feb-18
IND54,YS Chahal,10,0,43,2,4.3,1,v New Zealand,Napier,23-Jan-19
IND54,YS Chahal,7.2,0,43,2,5.86,2,v New Zealand,Indore,24-Jan-23
IND54,YS Chahal,10,0,45,2,4.5,1,v South Africa,Durban,01-Feb-18
IND54,YS Chahal,9,0,46,2,5.11,1,v Pakistan,Dubai (DICS),23-Sep-18
IND54,YS Chahal,9,0,51,2,5.66,1,v New Zealand,Mount Maunganui,28-Jan-19
IND54,YS Chahal,9.2,0,52,2,5.57,2,v New Zealand,Mount Maunganui,26-Jan-19
IND54,YS Chahal,10,0,52,2,5.2,1,v Sri Lanka,Colombo (RPS),18-Jul-21
IND54,YS Chahal,10,0,58,2,5.8,2,v West Indies,Port of Spain,22-Jul-22
IND54,YS Chahal,10,0,62,2,6.2,2,v Australia,The Oval,09-Jun-19
IND54,YS Chahal,8,1,31,1,3.87,1,v Bangladesh,Dubai (DICS),28-Sep-18
IND54,YS Chahal,7,0,32,1,4.57,1,v West Indies,Port of Spain,14-Aug-19
IND54,YS Chahal,10,0,43,1,4.3,1,v England,Lord's,14-Jul-18
IND54,YS Chahal,10,0,45,1,4.5,2,v West Indies,Ahmedabad,09-Feb-22
IND54,YS Chahal,10,0,47,1,4.7,2,v South Africa,Paarl,21-Jan-22
IND54,YS Chahal,9,0,47,1,5.22,1,v South Africa,Cape Town,23-Jan-22
IND54,YS Chahal,10,0,50,1,5,2,v Bangladesh,Birmingham,02-Jul-19
IND54,YS Chahal,10,0,51,1,5.1,1,v England,Nottingham,12-Jul-18
IND54,YS Chahal,10,1,56,1,5.6,1,v West Indies,Pune,27-Oct-18
IND54,YS Chahal,10,0,58,1,5.8,2,v Sri Lanka,Guwahati,10-Jan-23
IND54,YS Chahal,10,0,63,1,6.3,2,v West Indies,Visakhapatnam,24-Oct-18
IND54,YS Chahal,10,0,63,1,6.3,1,v New Zealand,Manchester,09-Jul-19
IND54,YS Chahal,5.3,0,68,1,12.36,2,v South Africa,Johannesburg,10-Feb-18
IND54,YS Chahal,9,0,69,1,7.66,1,v West Indies,Port of Spain,24-Jul-22
IND54,YS Chahal,10,0,80,1,8,2,v Australia,Mohali,10-Mar-19
IND54,YS Chahal,10,0,89,1,8.9,1,v Australia,Sydney,27-Nov-20
IND54,YS Chahal,2,0,10,0,5,1,v England,The Oval,12-Jul-22
IND54,YS Chahal,2.4,0,32,0,12,2,v New Zealand,Hamilton,31-Jan-19
IND54,YS Chahal,7,0,34,0,4.85,1,v Pakistan,Dubai (DICS),19-Sep-18
IND54,YS Chahal,10,0,40,0,4,1,v Bangladesh,Dubai (DICS),21-Sep-18
IND54,YS Chahal,10,0,41,0,4.1,2,v England,Leeds,17-Jul-18
IND54,YS Chahal,7,0,53,0,7.57,2,v Pakistan,Manchester,16-Jun-19
IND54,YS Chahal,10,0,53,0,5.3,1,v South Africa,Paarl,19-Jan-22
IND54,YS Chahal,10,0,67,0,6.7,2,v New Zealand,Auckland,25-Nov-22
IND54,YS Chahal,9,0,71,0,7.88,1,v Australia,Sydney,29-Nov-20
IND54,YS Chahal,10,0,88,0,8.8,1,v England,Birmingham,30-Jun-19
